"Group","GMFE"
"10 mg/kg dose",1.10905418945215
"2 mg/kg dose",1.42997468312412
"20 mg/kg dose",1.14707741444774
"5 mg/kg dose",1.15258153547354
"All",1.20333452002261
